ATK-terminaal	ATK-terminaal+N+Sg+Nom

ATK-terminaalâ	ATK-terminaal+Err/Orth+N+Sg+Nom

IPI-kuávdáš	IPI-kuávdáš+N+Sg+Nom

aalmuglâšlodde	aalmug+v1+N+Der/Nom+Der/lasj+A+Cmp/Attr+Cmp#lodde+N+Sg+Nom
aalmuglâšlodde	aalmug+v1+N+Der/Nom+Der/lasj+A+Cmp/SgNom+Cmp#lodde+N+Sg+Nom
aalmuglâšlodde	aalmug+v1+N+Der/lasj+A+Cmp/Attr+Cmp#lodde+N+Sg+Nom
aalmuglâšlodde	aalmug+v1+N+Der/lasj+A+Cmp/SgNom+Cmp#lodde+N+Sg+Nom
aalmuglâšlodde	aalmug+v2+N+Der/Nom+Der/lasj+A+Cmp/Attr+Cmp#lodde+N+Sg+Nom
aalmuglâšlodde	aalmug+v2+N+Der/Nom+Der/lasj+A+Cmp/SgNom+Cmp#lodde+N+Sg+Nom
aalmuglâšlodde	aalmug+v2+N+Der/lasj+A+Cmp/Attr+Cmp#lodde+N+Sg+Nom
aalmuglâšlodde	aalmug+v2+N+Der/lasj+A+Cmp/SgNom+Cmp#lodde+N+Sg+Nom
aalmuglâšlodde	aalmuglâš+A+Cmp/Attr+Cmp#lodde+N+Sg+Nom
aalmuglâšlodde	aalmuglâš+A+Cmp/SgNom+Cmp#lodde+N+Sg+Nom
aalmuglâšlodde	aalmuglâšlodde+N+Sg+Nom

aanaarlâš	aanaarlâš+A+Sg+Nom
aanaarlâš	aanaarlâš+A+Attr
aanaarlâš	aanaarlâš+N+Sg+Nom
aanaarlâš	aanaar+N+Der/Nom+Der/lasj+A+Sg+Nom
aanaarlâš	aanaar+N+Der/Nom+Der/lasj+A+Attr
aanaarlâš	aanaar+N+Der/lasj+A+Sg+Nom
aanaarlâš	aanaar+N+Der/lasj+A+Attr

agressijvâlâš	agressijvâlâš+A+Sg+Nom
agressijvâlâš	agressijvâlâš+A+Attr




alfanummeerlâš	alfanummeerlâš+A+Sg+Nom
alfanummeerlâš	alfanummeerlâš+A+Attr

amerikmerâtuhtuu	amerikmerâtuhtuu+N+Sg+Nom

amerikviettuu	amerikviettuu+N+Sg+Nom

anamuš	anneeđ+V+Der/mas+N+Sg+Nom

anamâš	anneeđ+V+Der/mas+N+Sg+Nom
anamâš	anamâš+N+Sg+Nom


argumentistiđ	argumentistiđ+V+Inf

astottesvuotâ	astottesvuotâ+N+Sg+Nom

avveellâš	avveellâš+A+Sg+Nom
avveellâš	avveellâš+A+Attr
avveellâš	avveellâš+N+Sg+Nom

balkanpuájuiloddááš	balkanpuájuiloddááš+N+Sg+Nom
balkanpuájuiloddááš	balkan+N+Cmp/SgGen+Cmp#puájui+N+Cmp/SgNom+Cmp#loddááš+N+Sg+Nom
balkanpuájuiloddááš	balkan+N+Cmp/SgGen+Cmp#puájuiloddááš+N+Sg+Nom
balkanpuájuiloddááš	balkan+N+Cmp/SgNom+Cmp#puájui+N+Cmp/SgNom+Cmp#loddááš+N+Sg+Nom
balkanpuájuiloddááš	balkan+N+Cmp/SgNom+Cmp#puájuiloddááš+N+Sg+Nom


cekkihaamiträäsi	cekki+N+Cmp/SgNom+Cmp#haamit+N+Cmp/SgGen+Cmp#rääsi+N+Sg+Nom
cekkihaamiträäsi	cekki+N+Cmp/SgNom+Cmp#haamit+N+Cmp/SgNom+Cmp#rääsi+N+Sg+Nom
cekkihaamiträäsi	cekkihaamiträäsi+N+Sg+Nom





culijdeijee	culijdiđ+V+PrsPrc
culijdeijee	culijdiđ+V+Der/NomAg+N+Sg+Nom
culijdeijee	culijdeijee+N+NomAg+Sg+Nom

culijdijjee	culijdiđ+V+PrsPrc
culijdijjee	culijdijjee+N+NomAg+Sg+Nom

digiheiviittem	digiheiviittem+N+Sg+Nom


elektroniikstellejeijee	elektroniik+N+Cmp/SgGen+Cmp#stellejeijee+N+NomAg+Sg+Nom
elektroniikstellejeijee	elektroniik+N+Cmp/SgGen+Cmp#stelliđ+V+Der/NomAg+N+Sg+Nom
elektroniikstellejeijee	elektroniik+N+Cmp/SgNom+Cmp#stellejeijee+N+NomAg+Sg+Nom
elektroniikstellejeijee	elektroniik+N+Cmp/SgNom+Cmp#stelliđ+V+Der/NomAg+N+Sg+Nom
elektroniikstellejeijee	elektroniikstellejeijee+N+NomAg+Sg+Nom

elettem	elettiđ+V+Actio+Nom
elettem	elettiđ+V+Der/NomAct+N+Sg+Nom
elettem	elettem+N+Sg+Nom




ergijnhästeealmai	ergijnhästeealmai+N+Sg+Nom
ergijnhästeealmai	ergijnhästeealmai+N+Sg+Ill

ergijnvyeijee	ergijnvyeijee+N+NomAg+Sg+Nom

evvisttem	evvisttem+A+Sg+Nom
evvisttem	evvis+N+Der/Car+A+Sg+Nom

evvisttemesvuotâ	evvisttemesvuotâ+N+Sg+Nom



fiskissuormârääsi	fiskâd+A+Cmp/Attr+Cmp#suormârääsi+N+Sg+Nom
fiskissuormârääsi	fiskâd+A+Cmp/Attr+Cmp#suormâ+N+Cmp/SgNom+Cmp#rääsi+N+Sg+Nom
fiskissuormârääsi	fiskâd+A+Cmp/Attr+Cmp#suormâ+N+Cmp/SgGen+Cmp#rääsi+N+Sg+Nom
fiskissuormârääsi	fiskissuormârääsi+N+Sg+Nom

fiskisčuárvihâš	fiskisčuárvihâš+N+Sg+Nom

fleece	fleece+N+Sg+Nom

fleece-takki	fleece+N+Cmp/SgGen+Cmp/Hyph+Cmp#takki+N+Sg+Nom
fleece-takki	fleece+N+Cmp/SgNom+Cmp/Hyph+Cmp#takki+N+Sg+Nom

fleese	fleese+N+Sg+Nom


fárulâš	fárulâš+N+Sg+Nom

haasi	haasi+N+Sg+Nom

harijdâttiđ	harijdâttiđ+V+Inf


helsiglâš	helsiglâš+A+Sg+Nom
helsiglâš	helsiglâš+A+Attr
helsiglâš	helsiglâš+N+Sg+Nom

herskusmiäruh	hersku+N+Cmp/SgNom+Cmp#smiäruh+N+Sg+Nom
herskusmiäruh	herskusmiäruh+N+Sg+Nom



hiäŋguđ	hiäŋguđ+V+Inf
hiäŋguđ	hiäŋguđ+V+Imprt+Pl2
hiäŋguđ	hiäŋguđ+V+Der/Pass+V+IV+Inf

humosláván	humoslágán+A+Sg+Nom
humosláván	humoslágán+A+Attr



hyeneslágán	hyeneslágán+A+Sg+Nom
hyeneslágán	hyeneslágán+A+Attr


háávdánsivnedem	háávdánsivnedem+N+Sg+Nom


ihásâšjuurrâm	ihásâš+A+Cmp/Attr+Cmp#juurâ+N+Sg+Nom+PxSg1
ihásâšjuurrâm	ihásâš+A+Cmp/Attr+Cmp#juurrâm+N+Sg+Nom
ihásâšjuurrâm	ihásâš+A+Cmp/Attr+Cmp#juurrâđ+V+Der/NomAct+N+Sg+Nom
ihásâšjuurrâm	ihásâš+A+Cmp/SgNom+Cmp#juurâ+N+Sg+Nom+PxSg1
ihásâšjuurrâm	ihásâš+A+Cmp/SgNom+Cmp#juurrâm+N+Sg+Nom
ihásâšjuurrâm	ihásâš+A+Cmp/SgNom+Cmp#juurrâđ+V+Der/NomAct+N+Sg+Nom
ihásâšjuurrâm	ihásâšjuurrâm+N+Sg+Nom
ihásâšjuurrâm	ihe+N+Der/sasj+A+Cmp/Attr+Cmp#juurâ+N+Sg+Nom+PxSg1
ihásâšjuurrâm	ihe+N+Der/sasj+A+Cmp/Attr+Cmp#juurrâm+N+Sg+Nom
ihásâšjuurrâm	ihe+N+Der/sasj+A+Cmp/Attr+Cmp#juurrâđ+V+Der/NomAct+N+Sg+Nom
ihásâšjuurrâm	ihe+N+Der/sasj+A+Cmp/SgNom+Cmp#juurâ+N+Sg+Nom+PxSg1
ihásâšjuurrâm	ihe+N+Der/sasj+A+Cmp/SgNom+Cmp#juurrâm+N+Sg+Nom
ihásâšjuurrâm	ihe+N+Der/sasj+A+Cmp/SgNom+Cmp#juurrâđ+V+Der/NomAct+N+Sg+Nom


illá	illá+Adv

iptoviola	iptoviola+N+Sg+Nom

irgástellee	irgástellee+N+NomAg+Sg+Nom

iäccáá	iäccáá+A+Sg+Nom


jiehhee	jiehhee+N+Sg+Nom
jiehhee	jiehiđ+V+PrsPrc
jiehhee	jiehiđ+V+Der/NomAg+N+Sg+Nom
jiehhee	jiehiđ+V+Imprt+Du2

jienâttem	jienâ+N+Der/Car+A+Sg+Nom
jienâttem	jienâttiđ+V+Actio+Nom
jienâttem	jienâttiđ+V+Der/NomAct+N+Sg+Nom
jienâttem	jienâttem+A+Sg+Nom

jiešiäluid	jiešiäluid+Adv


jieškote-uv	jieškote+Pron+Indef+Attr+Foc/uv
jieškote-uv	jieškote+Pron+Indef+Sg+Gen+Foc/uv
jieškote-uv	jieškote+Pron+Indef+Sg+Nom+Foc/uv


jiäggáá	jiäggáá+A+Sg+Nom

jorgod	jorgođ+V+Der/d+V+Imprt+ConNeg
jorgod	jorgod+Adv





jurbâkiärppáálostâ	jurbâkiärppáálostâ+N+Sg+Nom

jámálgiddee	jámálgiddee+N+Sg+Nom

jámástellee	jámástellee+N+NomAg+Sg+Nom

jávuttuđ	jávuttuđ+V+IV+Inf
jávuttuđ	jávuttuđ+V+IV+Imprt+Pl2

jáákkuppeivi	jáákkuppeivi+N+Sg+Nom

jämmeesaahâ	jäämmiđ+V+Der/NomAg+N+Cmp/SgGen+Cmp#saahâ+N+Sg+Nom
jämmeesaahâ	jäämmiđ+V+Der/NomAg+N+Cmp/SgNom+Cmp#saahâ+N+Sg+Nom
jämmeesaahâ	jämmeesaahâ+N+Sg+Nom
jämmeesaahâ	jämmee+N+NomAg+Cmp/SgGen+Cmp#saahâ+N+Sg+Nom
jämmeesaahâ	jämmee+N+NomAg+Cmp/SgNom+Cmp#saahâ+N+Sg+Nom


kaarleväldisuábbi	kaarleväldisuábbi+N+Sg+Nom



kaljesuáivi	kaljesuáivi+N+Sg+Nom

kalliđ	kalliđ+V+Inf
kalliđ	kalliđ+V+Imprt+Pl2

kamâspiddonjälmi	kamâspiddo+N+Cmp/SgNom+Cmp#njälmi+N+Sg+Nom
kamâspiddonjälmi	kamâspiddonjälmi+N+Sg+Nom

kamâspuuvsah	kaamâs+v1+N+Cmp/SgNom+Cmp#puuvsah+N+Pl+Nom
kamâspuuvsah	kamâspuuvsah+N+Pl+Nom

kargiđ	kargiđ+V+Inf
kargiđ	kargiđ+V+Imprt+Pl2

kashmirpuájuiloddááš	kashmirpuájuiloddááš+N+Sg+Nom
kashmirpuájuiloddááš	kashmir+N+Cmp/SgGen+Cmp#puájui+N+Cmp/SgNom+Cmp#loddááš+N+Sg+Nom
kashmirpuájuiloddááš	kashmir+N+Cmp/SgGen+Cmp#puájuiloddááš+N+Sg+Nom
kashmirpuájuiloddááš	kashmir+N+Cmp/SgNom+Cmp#puájui+N+Cmp/SgNom+Cmp#loddááš+N+Sg+Nom
kashmirpuájuiloddááš	kashmir+N+Cmp/SgNom+Cmp#puájuiloddááš+N+Sg+Nom


kašmârmáátu	kašmârmáátu+N+Sg+Nom


keesis	keesi+N+Sg+Gen+PxDu3
keesis	keesi+N+Sg+Gen+PxPl3
keesis	keesi+N+Sg+Gen+PxSg3


kerjideijee	kerjideijee+N+NomAg+Sg+Nom
kerjideijee	kerjidiđ+V+PrsPrc
kerjideijee	kerjidiđ+V+Der/NomAg+N+Sg+Nom


keččâlittiđ	keččâđ+V+Der/l+V+Der/Caus+V+Inf
keččâlittiđ	keččâliđ+V+Der/Caus+V+Inf
keččâlittiđ	keččâlittiđ+V+Inf

kiemâpuálččimieđâš	kiemâpuálččimieđâš+N+Sg+Nom

kiepâsodâsteijee	kiepâ+N+Cmp/SgNom+Cmp#sodâstiđ+V+Der/NomAg+N+Sg+Nom
kiepâsodâsteijee	kiepâsodâsteijee+N+NomAg+Sg+Nom

kietkâmläbži	kietkâđ+V+Der/NomAct+N+Cmp/SgGen+Cmp#läbži+N+Sg+Nom
kietkâmläbži	kietkâđ+V+Der/NomAct+N+Cmp/SgNom+Cmp#läbži+N+Sg+Nom
kietkâmläbži	kietkâmläbži+N+Sg+Nom
kietkâmläbži	kietkâm+N+Cmp/SgGen+Cmp#läbži+N+Sg+Nom
kietkâmläbži	kietkâm+N+Cmp/SgNom+Cmp#läbži+N+Sg+Nom

kietkâmvuáđu	kietkâđ+V+Der/NomAct+N+Cmp/SgGen+Cmp#vuáđu+N+Sg+Nom
kietkâmvuáđu	kietkâđ+V+Der/NomAct+N+Cmp/SgNom+Cmp#vuáđu+N+Sg+Nom
kietkâmvuáđu	kietkâm+N+Cmp/SgGen+Cmp#vuáđu+N+Sg+Nom
kietkâmvuáđu	kietkâm+N+Cmp/SgNom+Cmp#vuáđu+N+Sg+Nom
kietkâmvuáđu	kietkâmvuáđu+N+Sg+Nom

kietkâmâspärni	kietkâmâspärni+N+Sg+Nom

kissákyeli	kissá+N+Cmp/SgNom+Cmp#kyeli+N+Sg+Nom
kissákyeli	kissákyeli+N+Sg+Nom


kiäpuhäldeelukkâ	kiäpuhäldeelukkâ+N+Sg+Nom

kiärdulivkkár	kiärdu+N+Cmp/SgGen+Cmp#livkkár+N+Sg+Nom
kiärdulivkkár	kiärdu+N+Cmp/SgNom+Cmp#livkkár+N+Sg+Nom
kiärdulivkkár	kiärdulivkkár+N+Sg+Nom

kiärdulâš	kiärdulâš+A+Sg+Nom
kiärdulâš	kiärdulâš+A+Attr
kiärdulâš	kiärdu+N+Der/Nom+Der/lasj+A+Sg+Nom
kiärdulâš	kiärdu+N+Der/Nom+Der/lasj+A+Attr
kiärdulâš	kiärdu+N+Der/lasj+A+Sg+Nom
kiärdulâš	kiärdu+N+Der/lasj+A+Attr

kiärdášumvuotâ	kiärdášumvuotâ+N+Sg+Nom



koccáámâš	koccáđ+V+Der/mas+N+Sg+Nom
koccáámâš	koccáámâš+N+Sg+Nom

kodos	koddeđ+V+Imprt+Sg3

koldee	koldeđ+V+PrsPrc
koldee	koldeđ+V+Imprt+Du2
koldee	koldeđ+V+Der/NomAg+N+Sg+Nom
koldee	koldee+N+Sg+Nom



kolpâttiđ	kolpâttiđ+V+Imprt+Pl2
kolpâttiđ	kolpâttiđ+V+Inf

komolistiđ	komolistiđ+V+Inf


koozzâh	koozzâh+N+Sg+Nom


korrâsino	korrâ+N+Cmp/SgNom+Cmp#sino+N+Sg+Nom
korrâsino	korrâsino+N+Sg+Nom

korrâsubbooht	korrâsubbooht+Adv

korundi	korundi+N+Sg+Nom

kossânjunkiärttusâš	kossânjunkiärttusâš+N+Sg+Nom

kovdee	kovdee+A+Attr
kovdee	kovdee+A+Sg+Nom
kovdee	kuvdâđ+V+PrsPrc
kovdee	kuvdâđ+V+Der/NomAg+N+Sg+Nom
kovdee	kuvdâđ+V+Imprt+Du2

kozzâh	kozzâh+N+Sg+Nom

kozzâlakkleivosâš	kozzâlakkleivosâš+N+Sg+Nom

koškeoijâgâs	koškeoijâgâs+N+Sg+Nom
koškeoijâgâs	koškes+A+Cmp/Attr+Cmp#oijâgâs+N+Sg+Nom


kubdâčuárvi	kubduv+A+Cmp/Attr+Cmp#čuárvi+N+Sg+Nom
kubdâčuárvi	kubdâčuárvi+N+Sg+Nom

kufettâr	kufettâr+N+Sg+Nom

kufittâr	kufittâr+N+Sg+Nom

kuhessálvu	kukke+A+Cmp/Attr+Cmp#sálvu+N+Sg+Nom
kuhessálvu	kuhessálvu+N+Sg+Nom

kulgâdâhviermi	kulgâdâhviermi+N+Sg+Nom

kulhijduđ	kulhijduđ+V+IV+Inf
kulhijduđ	kulhijduđ+V+IV+Imprt+Pl2

kumârâsčuárvi	kumârâsčuárvi+N+Sg+Nom

kuokšisruottâsâš	kuokšisruottâsâš+N+Sg+Nom

kuovgispuájui	kuovgâd+A+Cmp/Attr+Cmp#puájui+N+Sg+Nom
kuovgispuájui	kuovgispuájui+N+Sg+Nom

kuovgissuperuávsku	kuovgâd+A+Cmp/Attr+Cmp#supe+N+Cmp/SgNom+Cmp#ruávsku+N+Sg+Nom
kuovgissuperuávsku	kuovgâd+A+Cmp/Attr+Cmp#superuávsku+N+Sg+Nom
kuovgissuperuávsku	kuovgissuperuávsku+N+Sg+Nom



kurmápuárui	kurmápuárui+N+Sg+Nom


kuámmáristiđ	kuámmáristiđ+V+Inf


kuástuđ	kuástuđ+V+Inf
kuástuđ	kuástuđ+V+Imprt+Pl2


kuáŋulyevdi	kuáŋulyevdi+N+Sg+Nom

kuáŋŋulyevdi	kuáŋŋulyevdi+N+Sg+Nom

kyeddidäiđi	kyeddidäiđi+N+Sg+Nom

kyedittem	kyeddiđ+V+Der/tt+V+Actio+Nom
kyedittem	kyeddiđ+V+Der/tt+V+Der/NomAct+N+Sg+Nom
kyedittem	kyedittiđ+V+Actio+Nom
kyedittem	kyedittiđ+V+Der/NomAct+N+Sg+Nom
kyedittem	kyedittem+N+Sg+Nom

kyelettem	kyeli+N+Der/Car+A+Sg+Nom
kyelettem	kyelettem+A+Sg+Nom

kyermis	kyermi+N+Sg+Gen+PxDu3
kyermis	kyermi+N+Sg+Gen+PxPl3
kyermis	kyermi+N+Sg+Gen+PxSg3
kyermis	kyermi+N+Sg+Nom+PxDu3
kyermis	kyermi+N+Sg+Nom+PxPl3
kyermis	kyermi+N+Sg+Nom+PxSg3
kyermis	kyermis+A+Attr
kyermis	kyermis+A+Sg+Nom

kyevtis	kyevtis+N+Coll+Sg+Nom


káisákisákeeppil	káisákisákeeppil+N+Sg+Nom

kálluh	kálluh+N+Sg+Nom


káálluh	káálluh+N+Sg+Nom

káálsuh	káálsuh+N+Sg+Nom

käccivuotâ	käccivuotâ+N+Sg+Nom

kädisergi	kädisergi+N+Sg+Nom

kärbee	kärbee+N+Sg+Nom
kärbee	karbâđ+V+PrsPrc
kärbee	karbâđ+V+Der/NomAg+N+Sg+Nom
kärbee	karbâđ+V+Imprt+Du2

kättiergi	kättiergi+N+Sg+Nom

käviliskiärppáákuobâr	käävvil+A+Cmp/Attr+Cmp#kiärpáš+N+Cmp/SgGen+Cmp#kuobâr+N+Sg+Nom
käviliskiärppáákuobâr	käviliskiärppáákuobâr+N+Sg+Nom

käädis	käädis+N+Sg+Nom

lanjâsaččinlodde	lanjâsaččinlodde+N+Sg+Nom





liivtes	liivtes+A+Sg+Nom



livtes	liivtes+A+Attr

luksâ	luksâ+N+Sg+Nom



luommiđ	luommiđ+V+Inf
luommiđ	luommiđ+V+Imprt+Pl2

luosâveejeeh	luosâ+N+Cmp/SgGen+Cmp#veejeeh+N+Sg+Nom
luosâveejeeh	luosâ+N+Cmp/SgNom+Cmp#veejeeh+N+Sg+Nom
luosâveejeeh	luosâveejeeh+N+Sg+Nom


luáidu	luáidu+N+Sg+Nom



luឞi	luឞi+N+Sg+Nom

lyeppih	lyeppih+N+Sg+Nom

lápčupäiđi	lápčupäiđi+N+Sg+Nom
lápčupäiđi	lápču+A+Cmp/Attr+Cmp#päiđi+N+Sg+Nom


maajeeldkietân	maajeeldkietân+Adv




mai	mai+CC
mai	mai+Pcle

maigârdiđ	maigârdiđ+V+Inf
maigârdiđ	maigârdiđ+V+Imprt+Pl2




manjepeeli	manje+N+Cmp/SgGen+Cmp#peeli+N+Sg+Nom
manjepeeli	manje+N+Cmp/SgNom+Cmp#peeli+N+Sg+Nom
manjepeeli	manjepeeli+N+Sg+Nom

maŋeskiđđâ	maŋes+A+Cmp/Attr+Cmp#kiđđâ+N+Sg+Nom
maŋeskiđđâ	maŋeskiđđâ+N+Sg+Nom




meeđđiđ	meeđđiđ+V+Inf
meeđđiđ	meeđđiđ+V+Imprt+Pl2



miehtii	miehtii+A+Sg+Nom


mieskâšoovkâh	mieskâšoovkâh+N+Sg+Nom

mieskâšovkkâheh	mieskâšoovkâh+N+Pl+Nom

miestâaččinlodde	miestâaččinlodde+N+Sg+Nom

miesârokke	miesârokke+N+Sg+Nom

mirkkânääpih	mirkkâ+N+Cmp/SgNom+Cmp#näppi+N+Pl+Nom
mirkkânääpih	mirkkânääpih+N+Sg+Nom

missiđ	missiđ+V+Inf
missiđ	missiđ+V+Imprt+Pl2

miäcástuđ	miäcástuđ+V+IV+Inf
miäcástuđ	miäcástuđ+V+IV+Imprt+Pl2
miäcástuđ	miäcástiđ+V+Der/Pass+V+IV+Inf
miäcástuđ	miäcástiđ+V+Der/Pass+V+IV+Imprt+Pl2

miälkkáá	miälkkáá+A+Sg+Nom


modernistiđ	modernistiđ+V+Inf

moigârdiđ	moigârdiđ+V+Inf
moigârdiđ	moigârdiđ+V+Imprt+Pl2

mongoliacivkkee	mongoliacivkkee+N+Sg+Nom







munnáá	munnáá+A+Sg+Nom

muorrii	muorriđ+V+Imprt+Sg2
muorrii	muorriđ+V+Imprt+ConNeg
muorrii	muorriđ+V+Ind+Prs+ConNeg
muorrii	muorrii+A+Sg+Nom

muottuuttem	muotâ+N+Der/Car+A+Sg+Nom
muottuuttem	muottuuttem+A+Sg+Nom
muottuuttem	muottuđ+V+Der/tt+V+Actio+Nom
muottuuttem	muottuđ+V+Der/tt+V+Der/NomAct+N+Sg+Nom

muotâkamuvväzzim	muotâkamuvväzzim+N+Sg+Nom

muáccuđ	muáccuđ+V+Imprt+Pl2
muáccuđ	muáccuđ+V+Inf

muáikkuđ	muáikkuđ+V+Imprt+Pl2
muáikkuđ	muáikkuđ+V+Inf


muáđusâš	muáđusâš+A+Sg+Nom
muáđusâš	muáđusâš+A+Attr


muđusâš	muđusâš+A+Sg+Nom
muđusâš	muđusâš+A+Attr



mánudááaččinj	mánudâš+N+Cmp/SgGen+Cmp#aččinj+N+Sg+Nom

mánuvuáđu	máánu+N+Cmp/SgNom+Cmp#vuáđu+N+Sg+Nom
mánuvuáđu	máánu+N+Cmp/SgGen+Cmp#vuáđu+N+Sg+Nom
mánuvuáđu	mánuvuáđu+N+Sg+Nom

naverseemi	naver+N+Cmp/SgNom+Cmp#seemi+N+Sg+Nom
naverseemi	naverseemi+N+Sg+Nom

neskiđ	neskiđ+V+Inf
neskiđ	neskiđ+V+Imprt+Pl2

niälguđ	niälguđ+V+Inf
niälguđ	niälguđ+V+Imprt+Pl2
niälguđ	niälguđ+V+Der/Pass+V+IV+Inf


njettipäinee	njetti+N+Cmp/SgNom+Cmp#päiniđ+V+Der/NomAg+N+Sg+Nom
njettipäinee	njettipäinee+N+Sg+Nom

njolgáá	njolgáá+A+Sg+Nom


njorriđ	njorriđ+V+Inf
njorriđ	njorriđ+V+Imprt+Pl2

njunepuároi	njune+N+Cmp/SgGen+Cmp#puárui+N+Sg+Nom
njunepuároi	njune+N+Cmp/SgNom+Cmp#puárui+N+Sg+Nom
njunepuároi	njunepuárui+N+Sg+Nom

njuorâshuášši	njuorâs+A+Cmp/Attr+Cmp#huášši+N+Sg+Nom
njuorâshuášši	njuorâshuášši+N+Sg+Nom






nocce	nocce+N+Sg+Nom




nuorttâsuormâlostâ	nuorttâ+N+Cmp/SgNom+Cmp#suormâ+N+Cmp/SgNom+Cmp#lostâ+N+Sg+Nom
nuorttâsuormâlostâ	nuorttâ+N+Cmp/SgNom+Cmp#suormâ+N+Cmp/SgGen+Cmp#lostâ+N+Sg+Nom
nuorttâsuormâlostâ	nuorttâsuormâlostâ+N+Sg+Nom

nurváđ	nurváđ+V+Inf
nurváđ	nurváđ+V+Imprt+Pl2

nuáigunartte	nuáigunartte+N+Sg+Nom

nyettiulgâ	nyetti+N+Cmp/SgNom+Cmp#ulgâ+N+Sg+Nom
nyettiulgâ	nyettiulgâ+N+Sg+Nom





okkosâš	okkosâš+A+Sg+Nom
okkosâš	okkosâš+A+Attr


olesmonnjâvavnu	oles+A+Cmp/Attr+Cmp#monnjâ+A+Cmp/Attr+Cmp#vavnu+N+Sg+Nom
olesmonnjâvavnu	oles+N+Cmp/SgNom+Cmp#monnjâ+A+Cmp/Attr+Cmp#vavnu+N+Sg+Nom
olesmonnjâvavnu	olesmonnjâvavnu+N+Sg+Nom


ollâárvusâš	ollâárvusâš+A+Sg+Nom
ollâárvusâš	ollâárvusâš+A+Attr


oovdebpeivi	oovdebpeivi+N+Sg+Nom

oovtnummeersâš	oovtnummeersâš+A+Sg+Nom
oovtnummeersâš	oovtnummeersâš+A+Attr

orespeeci	ores+N+Cmp/SgNom+Cmp#peeci+N+Sg+Nom
orespeeci	orespeeci+N+Sg+Nom

paalgâd	palgâđ+V+Der/d+V+Ind+Prs+ConNeg
paalgâd	palgâđ+V+Der/d+V+Ind+Prs+Sg3
paalgâd	palgâđ+V+Der/d+V+Imprt+Sg2


pajedistiđ	pajediđ+V+Der/st+V+Inf
pajedistiđ	pajedistiđ+V+Inf


pakkâstielâs	pakkâ+N+Cmp/SgNom+Cmp#stielâs+N+Sg+Nom
pakkâstielâs	pakkâstielâs+N+Sg+Nom



paskooh	paskođ+V+Pot+Prs+Sg2
paskooh	paskooh+N+Sg+Nom

peeti	pettiđ+V+Ind+Prs+ConNeg
peeti	pettiđ+V+Imprt+Sg2

peeđi	peeđi+N+Sg+Nom

pelkkiđ	pelkkiđ+V+Inf
pelkkiđ	pelkkiđ+V+Imprt+Pl2



piccum	piiccâđ+V+Der/Pass+V+IV+PrfPrc
piccum	piiccâđ+V+Der/Pass+V+IV+Actio+Nom
piccum	piiccâđ+V+Der/Pass+V+IV+Ind+Prt+ConNeg
piccum	piccuđ+V+PrfPrc
piccum	piccuđ+V+Ind+Prt+ConNeg
piccum	piccuđ+V+Actio+Nom
piccum	piccuđ+V+Der/NomAct+N+Sg+Nom
piccum	piccoođ+V+Der/Pass+V+IV+PrfPrc
piccum	piccoođ+V+Der/Pass+V+IV+Actio+Nom
piccum	piccoođ+V+Der/Pass+V+IV+Ind+Prt+ConNeg
piccum	piccoođ+V+Ind+Prt+Sg1

piccuđ	piiccâđ+V+Der/Pass+V+IV+Inf
piccuđ	piccuđ+V+Inf
piccuđ	piccuđ+V+Imprt+Pl2
piccuđ	piccoođ+V+Der/Pass+V+IV+Inf


piemmee	piemmâđ+V+PrsPrc
piemmee	piemmâđ+V+V+Der/NomAg+N+Sg+Nom
piemmee	piemmâđ+V+Imprt+Du2

piettih	piettih+N+Sg+Nom

pippârtatti	pippâr+N+Cmp/SgGen+Cmp#tatti+N+Sg+Nom
pippârtatti	pippâr+N+Cmp/SgNom+Cmp#tatti+N+Sg+Nom
pippârtatti	pippârtatti+N+Sg+Nom





pokkâ-suomâ	pokkâ+N+Cmp/SgNom+Cmp/Hyph+Cmp#suomâ+N+Sg+Nom
pokkâ-suomâ	pokkâ+N+Cmp/SgNom+Cmp/Hyph+Cmp#suomâ+N+Cmp/SgNom+Attr+Err/Orth

poorástivrejeijee	poorá+N+Cmp/SgGen+Cmp#stivrejeijee+N+NomAg+Sg+Nom
poorástivrejeijee	poorá+N+Cmp/SgGen+Cmp#stivriđ+V+Der/NomAg+N+Sg+Nom
poorástivrejeijee	poorá+N+Cmp/SgNom+Cmp#stivrejeijee+N+NomAg+Sg+Nom
poorástivrejeijee	poorá+N+Cmp/SgNom+Cmp#stivriđ+V+Der/NomAg+N+Sg+Nom
poorástivrejeijee	poorástivrejeijee+N+NomAg+Sg+Nom


povnâ	povnâ+N+Sg+Nom


poškâttuđ	poškâttuđ+V+IV+Inf
poškâttuđ	poškâttuđ+V+IV+Imprt+Pl2

psykoloog	psykolog+Err/Orth+N+Sg+Nom



pudâlâš	puddâ+N+Der/lasj+A+Sg+Nom
pudâlâš	puddâ+N+Der/lasj+A+Attr
pudâlâš	pudâlâš+A+Sg+Nom
pudâlâš	pudâlâš+A+Attr


puldo	puldo+N+Sg+Nom

puncettem	puncce+N+Der/Car+A+Sg+Nom
puncettem	puncettem+A+Sg+Nom


puállám	puálláđ+V+PrfPrc
puállám	puálláđ+V+Ind+Prt+ConNeg
puállám	puálláđ+V+Actio+Nom
puállám	puálláđ+V+Der/NomAct+N+Sg+Nom
puállám	pyelliđ+V+PrfPrc
puállám	pyelliđ+V+Ind+Prt+ConNeg

puᚚu	puᚚu+N+Sg+Nom

puškuu	puškuu+A+Sg+Nom

pálgáduh	pálgáduh+N+Sg+Nom

pähtisuormâlostâ	pähti+N+Cmp/SgNom+Cmp#suormâ+N+Cmp/SgNom+Cmp#lostâ+N+Sg+Nom
pähtisuormâlostâ	pähti+N+Cmp/SgNom+Cmp#suormâ+N+Cmp/SgGen+Cmp#lostâ+N+Sg+Nom
pähtisuormâlostâ	pähtisuormâlostâ+N+Sg+Nom

pärdipeivi	pärdipeivi+N+Sg+Nom


reedleibi	reedleibi+N+Sg+Nom



reŋgâvuotâ	reŋgâvuotâ+N+Sg+Nom

ricci	ricci+N+Sg+Nom

rievtâg	rievtâg+N+Sg+Nom

rievtâgergi	rievtâg+N+Cmp/SgNom+Cmp#ergi+N+Sg+Nom
rievtâgergi	rievtâgergi+N+Sg+Nom

rivgoouáivi	rivgoo+N+Cmp/SgGen+Cmp#uáivi+N+Sg+Nom
rivgoouáivi	rivgoo+N+Cmp/SgNom+Cmp#uáivi+N+Sg+Nom
rivgoouáivi	rivgoouáivi+N+Sg+Nom


riččâmieskâdâh	riččâmieskâdâh+N+Sg+Nom

riččânjuolâs	riččânjuolâs+N+Sg+Nom

riččâšoovkâh	riččâšoovkâh+N+Sg+Nom

robdii	robdii+A+Sg+Nom

roovâsyeini	roovâsyeini+N+Sg+Nom

ruoinâhâš	ruoinâhâš+N+Sg+Nom

ruojâs	ruočâ+N+Sg+Gen+PxDu3
ruojâs	ruočâ+N+Sg+Gen+PxPl3
ruojâs	ruočâ+N+Sg+Gen+PxSg3




ruopsisjyelgsmiäruh	ruopsisjyelgsmiäruh+N+Sg+Nom

ruopsisčuáimáš	ruopsisčuáimáš+N+Sg+Nom

ruovgânješšikääni	ruovgânješšikääni+v1+N+Sg+Nom
ruovgânješšikääni	ruovgânješšikääni+v2+N+Sg+Nom

ruovjiđ	ruovjiđ+V+Inf
ruovjiđ	ruovjiđ+V+Imprt+Pl2


ruvvâšuđ	ruvvâšuđ+V+IV+Inf
ruvvâšuđ	ruvvâšuđ+V+IV+Imprt+Pl2

ruáhuaččinlodde	ruáhuaččinlodde+N+Sg+Nom



ruánzáá	ruánzáá+A+Sg+Nom

ruáptud	ruáptud+Adv




ruáváidittiđ	ruáváidittiđ+V+Inf

ruškisnjaalgâsyeini	ruškisnjaalgâsyeini+N+Sg+Nom



rákkásávt	rákkásávt+Adv
rákkásávt	rákkásâš+A+Der/AAdv+Adv
rákkásávt	räähis+A+Der/AAdv+Adv


rääpis	rääpis+A+Sg+Nom


saijeemvijlo	saijeeđ+V+Der/NomAct+N+Cmp/SgGen+Cmp#vijlo+N+Sg+Nom
saijeemvijlo	saijeeđ+V+Der/NomAct+N+Cmp/SgNom+Cmp#vijlo+N+Sg+Nom
saijeemvijlo	saijeemvijlo+N+Sg+Nom
saijeemvijlo	saijeem+N+Cmp/SgGen+Cmp#vijlo+N+Sg+Nom
saijeemvijlo	saijeem+N+Cmp/SgNom+Cmp#vijlo+N+Sg+Nom

saimâkievđâ	saimâkievđâ+N+Sg+Nom

salgii	salgii+A+Sg+Nom


sarettuđ	sarettuđ+V+IV+Inf
sarettuđ	sarettuđ+V+IV+Imprt+Pl2

sarâpäddi	sarâpäddi+N+Sg+Nom

seegâsyeini	seegâsyeini+N+Sg+Nom


seevi	seevviđ+V+Ind+Prs+ConNeg
seevi	seevviđ+V+Imprt+Sg2

segiskiärppáálostâ	seegis+A+Cmp/Attr+Cmp#kiärpáš+N+Cmp/SgGen+Cmp#lostâ+N+Sg+Nom
segiskiärppáálostâ	seegis+A+Cmp/Attr+Cmp#kiärppáálostâ+N+Sg+Nom
segiskiärppáálostâ	seggi+A+Cmp/Attr+Cmp#kiärpáš+N+Cmp/SgGen+Cmp#lostâ+N+Sg+Nom
segiskiärppáálostâ	seggi+A+Cmp/Attr+Cmp#kiärppáálostâ+N+Sg+Nom
segiskiärppáálostâ	segiskiärppáálostâ+N+Sg+Nom

segisluhtee	seegis+A+Cmp/Attr+Cmp#luhtee+N+Sg+Nom
segisluhtee	seggi+A+Cmp/Attr+Cmp#luhtee+N+Sg+Nom
segisluhtee	segisluhtee+N+Sg+Nom

segispuálččimieđâš	seegis+A+Cmp/Attr+Cmp#puálčči+N+Cmp/SgNom+Cmp#mietâ+N+Der/Dimin+N+Sg+Nom
segispuálččimieđâš	seegis+A+Cmp/Attr+Cmp#puálčči+N+Cmp/SgNom+Cmp#mieđâš+N+Sg+Nom
segispuálččimieđâš	seggi+A+Cmp/Attr+Cmp#puálčči+N+Cmp/SgNom+Cmp#mietâ+N+Der/Dimin+N+Sg+Nom
segispuálččimieđâš	seggi+A+Cmp/Attr+Cmp#puálčči+N+Cmp/SgNom+Cmp#mieđâš+N+Sg+Nom
segispuálččimieđâš	segispuálččimieđâš+N+Sg+Nom


setišlaajâ	setišlaajâ+N+Sg+Nom

siberiapuájuiloddááš	siberiapuájuiloddááš+N+Sg+Nom

siemriddokáánááš	siemriddokáánááš+N+Sg+Nom



sinosyeini	sino+N+Cmp/SgGen+Cmp#syeini+N+Sg+Nom
sinosyeini	sino+N+Cmp/SgNom+Cmp#syeini+N+Sg+Nom
sinosyeini	sinosyeini+N+Sg+Nom



siärvuslâšvuotâ	siärvuslâšvuotâ+N+Sg+Nom
siärvuslâšvuotâ	siärvuslâš+A+Der/vuota+N+Sg+Nom
siärvuslâšvuotâ	siärvus+v2+N+Der/Nom+Der/lasj+A+Der/vuota+N+Sg+Nom
siärvuslâšvuotâ	siärvus+v2+N+Der/lasj+A+Der/vuota+N+Sg+Nom


skinnemuáddá	skinnemuáddá+N+Sg+Nom


skálváá	skálváá+A+Sg+Nom



soksiisvuoivâssyeini	soksii+A+Cmp/Attr+Cmp#vuoivâs+N+Cmp/SgGen+Cmp#syeini+N+Sg+Nom
soksiisvuoivâssyeini	soksii+A+Cmp/Attr+Cmp#vuoivâs+N+Cmp/SgNom+Cmp#syeini+N+Sg+Nom
soksiisvuoivâssyeini	soksiisvuoivâssyeini+N+Sg+Nom

soljo	soljo+N+Sg+Nom

soovsâluđ	soovsâluđ+V+IV+Inf
soovsâluđ	soovsâluđ+V+IV+Imprt+Pl2

soovsâmaadâlostâ	soovsâ+N+Cmp/SgNom+Cmp#maadâ+N+Cmp/SgNom+Cmp#lostâ+N+Sg+Nom
soovsâmaadâlostâ	soovsâ+N+Cmp/SgNom+Cmp#maadâ+N+Cmp/SgNom+Cmp#lostâ+N+Sg+Nom
soovsâmaadâlostâ	soovsâmaadâlostâ+N+Sg+Nom

sovláá	sovláá+Adv

sovsâluttiđ	sovsâluttiđ+V+Inf


spokkâlem	spokkâliđ+V+Der/NomAct+N+Sg+Nom
spokkâlem	spokkâliđ+V+Actio+Nom
spokkâlem	spokkâlem+N+Sg+Nom


storgâopsâsyeini	storgâopsâsyeini+N+Sg+Nom

stuljiđ	stuljiđ+V+Inf
stuljiđ	stuljiđ+V+Imprt+Pl2

stálppáá	stálppáá+A+Sg+Nom

suilokuákki	suilokuákki+N+Sg+Nom

suohisuáivi	suohâd+A+Cmp/Attr+Cmp#uáivi+N+Sg+Nom
suohisuáivi	suohisuáivi+N+Sg+Nom

syeinihaasi	syeini+N+Cmp/SgGen+Cmp#haasi+N+Sg+Nom
syeinihaasi	syeini+N+Cmp/SgNom+Cmp#haasi+N+Sg+Nom

sáigusuáráág	sáigusuáráág+N+Sg+Nom


sámáiditteđ	sámáiditteđ+V+Inf
sámáiditteđ	sámáiditteđ+V+Imprt+Pl2

sälttikyelipuvre	sältti+N+Cmp/SgNom+Cmp#kyeli+N+Cmp/SgNom+Cmp#puvre+N+Sg+Nom
sälttikyelipuvre	sälttikyeli+N+Cmp/SgNom+Cmp#puvre+N+Sg+Nom
sälttikyelipuvre	sälttikyelipuvre+N+Sg+Nom

sälttisalkkâr	sälttisalkkâr+N+Sg+Nom

sämihaldâttâh	säämi+N+Cmp/SgNom+Cmp#haldâttâh+N+Sg+Nom
sämihaldâttâh	säämi+N+Cmp/SgGen+Cmp#haldâttâh+N+Sg+Nom
sämihaldâttâh	sämihaldâttâh+N+Sg+Nom

sämihaldâttâs	säämi+N+Cmp/SgNom+Cmp#haldâttâs+N+Sg+Nom
sämihaldâttâs	säämi+N+Cmp/SgGen+Cmp#haldâttâs+N+Sg+Nom
sämihaldâttâs	sämihaldâttâs+N+Sg+Nom

sämikuávlu	säämi+N+Cmp/SgNom+Cmp#kuávlu+N+Sg+Nom
sämikuávlu	säämi+N+Cmp/SgGen+Cmp#kuávlu+N+Sg+Nom
sämikuávlu	sämikuávlu+N+Sg+Nom

sämitigge	säämi+N+Cmp/SgNom+Cmp#tigge+N+Sg+Nom
sämitigge	säämi+N+Cmp/SgGen+Cmp#tigge+N+Sg+Nom
sämitigge	sämitigge+N+Sg+Nom

sämmilijpappâ	sämmilâš+N+Cmp/PlGen+Cmp#pappâ+N+Sg+Nom
sämmilijpappâ	sämmilijpappâ+N+Sg+Nom

särgisaččinlodde	särgisaččinlodde+N+Sg+Nom

sätišlaajâ	säti+A+Cmp/Attr+Cmp#šlaajâ+N+Sg+Nom
sätišlaajâ	sätišlaajâ+N+Sg+Nom

sävri	sävri+A+Sg+Nom

talhâspastem	taalhâs+N+Cmp/SgNom+Cmp#pastem+N+Sg+Nom
talhâspastem	taalhâs+N+Cmp/SgNom+Cmp#pasteđ+V+Der/NomAg+N+Sg+Gen+PxSg1+Err/Orth
talhâspastem	taalhâs+N+Cmp/SgNom+Cmp#pasteđ+V+Der/NomAg+N+Sg+Nom+PxSg1
talhâspastem	taalhâs+N+Cmp/SgNom+Cmp#pasteđ+V+Der/NomAct+N+Sg+Nom
talhâspastem	talhâspastem+N+Sg+Nom


tavepuálččimieđâš	tave+N+Cmp/SgGen+Cmp#puálčči+N+Cmp/SgNom+Cmp#mietâ+N+Der/Dimin+N+Sg+Nom
tavepuálččimieđâš	tave+N+Cmp/SgGen+Cmp#puálčči+N+Cmp/SgNom+Cmp#mieđâš+N+Sg+Nom
tavepuálččimieđâš	tave+N+Cmp/SgNom+Cmp#puálčči+N+Cmp/SgNom+Cmp#mietâ+N+Der/Dimin+N+Sg+Nom
tavepuálččimieđâš	tave+N+Cmp/SgNom+Cmp#puálčči+N+Cmp/SgNom+Cmp#mieđâš+N+Sg+Nom
tavepuálččimieđâš	tave+N+Cmp/SgNom+Cmp#puálčči+N+Cmp/SgNom+Cmp#mietâ+N+Der/Dimin+N+Sg+Nom
tavepuálččimieđâš	tave+N+Cmp/SgNom+Cmp#puálčči+N+Cmp/SgNom+Cmp#mieđâš+N+Sg+Nom
tavepuálččimieđâš	tavepuálččimieđâš+N+Sg+Nom

tepčuđ	tepčuđ+V+Inf
tepčuđ	tepčuđ+V+Imprt+Pl2


tervi	tervi+Adv

tevkismiehtâkozzâh	tevkkâd+A+Cmp/Attr+Cmp#miehtâ+N+Cmp/SgNom+Cmp#kozzâh+N+Sg+Nom
tevkismiehtâkozzâh	tevkismiehtâkozzâh+N+Sg+Nom

tevkispennuučalme	tevkkâd+A+Cmp/Attr+Cmp#peenuv+N+Cmp/SgGen+Cmp#čalme+N+Sg+Nom
tevkispennuučalme	tevkkâd+A+Cmp/Attr+Cmp#pennuučalme+N+Sg+Nom
tevkispennuučalme	tevkispennuučalme+N+Sg+Nom

tevkistieppimaadâ	tevkkâd+A+Cmp/Attr+Cmp#tieppi+N+Cmp/SgNom+Cmp#maadâ+N+Sg+Nom
tevkistieppimaadâ	tevkkâd+A+Cmp/Attr+Cmp#tieppi+N+Cmp/SgNom+Cmp#maadâ+N+Cmp/SgNom+Attr+Err/Orth
tevkistieppimaadâ	tevkistieppimaadâ+N+Sg+Nom

texasspiijnelostâ	texasspiijnelostâ+N+Sg+Nom

tibbii	tibbii+Adv

tibi	tibi+Interj
tibi	tibi+Pcle
tibi	tibi+Adv

tidde	tidde+N+Sg+Nom

tiegân	tiegân+Interj



tijdâpuájui	tijdâ+N+Cmp/SgNom+Cmp#puájui+N+Sg+Nom
tijdâpuájui	tijdâpuájui+N+Sg+Nom


tiänusälttisyeini	tiänusälttisyeini+N+Sg+Nom



toldeves	toldeves+A+Sg+Nom

tolliđ	tolliđ+V+Inf
tolliđ	tolliđ+V+Imprt+Pl2



toŋâsluhtee	tooŋâs+N+Cmp/SgNom+Cmp#luhtee+N+Sg+Nom
toŋâsluhtee	toŋâsluhtee+N+Sg+Nom

tublespokkâlem	tuble+N+Cmp/SgGen+Cmp#spokkâlem+N+Sg+Nom
tublespokkâlem	tuble+N+Cmp/SgGen+Cmp#spokkâliđ+V+Der/NomAct+N+Sg+Nom
tublespokkâlem	tuble+N+Cmp/SgNom+Cmp#spokkâlem+N+Sg+Nom
tublespokkâlem	tuble+N+Cmp/SgNom+Cmp#spokkâliđ+V+Der/NomAct+N+Sg+Nom
tublespokkâlem	tublespokkâlem+N+Sg+Nom

tulkkâdijjeevuotâ	tulkkâdijjeevuotâ+N+Sg+Nom


tuodârkuovgispuájui	tuodâr+N+Cmp/SgNom+Cmp#kuovgispuájui+N+Sg+Nom
tuodârkuovgispuájui	tuodârkuovgispuájui+N+Sg+Nom

tuodârčiävžui	tuodâr+N+Cmp/SgNom+Cmp#čiävžui+N+Sg+Nom
tuodârčiävžui	tuodârčiävžui+N+Sg+Nom

tuolbâsyeini	tuolbâsyeini+N+Sg+Nom


turrâšuđ	turrâšuđ+V+IV+Inf
turrâšuđ	turrâšuđ+V+IV+Imprt+Pl2




tuárgástittiđ	tuárgástittiđ+V+Inf

tuárishirsâ	tuáris+A+Cmp/SgNom+Cmp#hirsâ+N+Sg+Nom
tuárishirsâ	tuáris+A+Cmp/Attr+Cmp#hirsâ+N+Sg+Nom
tuárishirsâ	tuárishirsâ+N+Sg+Nom

tuárisspaagaat	tuáris+A+Cmp/SgNom+Cmp#spaagaat+v1+N+Sg+Nom
tuárisspaagaat	tuáris+A+Cmp/SgNom+Cmp#spaagaat+v2+N+Sg+Nom
tuárisspaagaat	tuáris+A+Cmp/Attr+Cmp#spaagaat+v1+N+Sg+Nom
tuárisspaagaat	tuáris+A+Cmp/Attr+Cmp#spaagaat+v2+N+Sg+Nom
tuárisspaagaat	tuárisspaagaat+v1+N+Sg+Nom
tuárisspaagaat	tuárisspaagaat+v2+N+Sg+Nom

tuárisávju	tuáris+A+Cmp/SgNom+Cmp#ávju+N+Sg+Nom
tuárisávju	tuáris+A+Cmp/Attr+Cmp#ávju+N+Sg+Nom
tuárisávju	tuárisávju+N+Sg+Nom

tuárisšorde	tuáris+A+Cmp/SgNom+Cmp#šorde+N+Sg+Nom
tuárisšorde	tuáris+A+Cmp/Attr+Cmp#šorde+N+Sg+Nom
tuárisšorde	tuárisšorde+N+Sg+Nom

tyeldeekäldee	tyeldeekäldee+N+Sg+Nom
tyeldeekäldee	tuoldâđ+V+Der/NomAg+N+Cmp/SgGen+Cmp#käldee+N+Sg+Nom
tyeldeekäldee	tuoldâđ+V+Der/NomAg+N+Cmp/SgNom+Cmp#käldee+N+Sg+Nom

táiguđ	táiguđ+V+Imprt+Pl2
táiguđ	táiguđ+V+Inf

táissuđ	táissuđ+V+Imprt+Pl2
táissuđ	táissuđ+V+Inf



táálluntoohâm	táálluntoohâm+N+Sg+Nom


täiđittem	täiđiđ+V+Der/tt+V+Actio+Nom
täiđittem	täiđiđ+V+Der/tt+V+Der/NomAct+N+Sg+Nom
täiđittem	täiđittem+A+Sg+Nom


ubbân	ubbân+Adv


uccâriddokáánááš	ucce+A+Cmp/Attr+Cmp#riddo+N+Cmp/SgNom+Cmp#káánááš+N+Sg+Nom
uccâriddokáánááš	uccâriddokáánááš+N+Sg+Nom

uccâsodâsteijee	ucce+A+Cmp/Attr+Cmp#sodâstiđ+V+Der/NomAg+N+Sg+Nom
uccâsodâsteijee	uccâsodâsteijee+N+NomAg+Sg+Nom

ucjuvlâš	ucjuvlâš+A+Sg+Nom
ucjuvlâš	ucjuvlâš+A+Attr
ucjuvlâš	ucjuvlâš+N+Sg+Nom

ucánjihhii	ucánjihhii+Adv


ulgâ	ulgâ+N+Sg+Nom

umástittiđ	umástiđ+V+Der/Caus+V+Inf
umástittiđ	umástittiđ+V+Inf


urmápuárui	urmá+N+Cmp/SgGen+Cmp#puárui+N+Sg+Nom
urmápuárui	urmá+N+Cmp/SgNom+Cmp#puárui+N+Sg+Nom
urmápuárui	urmápuárui+N+Sg+Nom

uulgah	ulgâ+N+Pl+Nom


uáinulâš	uáinulâš+A+Sg+Nom
uáinulâš	uáinulâš+A+Attr
uáinulâš	uáinu+N+Der/Nom+Der/lasj+A+Sg+Nom
uáinulâš	uáinu+N+Der/Nom+Der/lasj+A+Attr
uáinulâš	uáinu+N+Der/lasj+A+Sg+Nom
uáinulâš	uáinu+N+Der/lasj+A+Attr

uáivi	uáivi+N+Sg+Nom

uánihiskieddisyeini	uánih+A+Cmp/Attr+Cmp#kieddi+N+Cmp/SgNom+Cmp#syeini+N+Sg+Nom
uánihiskieddisyeini	uánih+A+Cmp/Attr+Cmp#kieddisyeini+N+Sg+Nom
uánihiskieddisyeini	uánihâš+A+Cmp/Attr+Cmp#kieddi+N+Cmp/SgNom+Cmp#syeini+N+Sg+Nom
uánihiskieddisyeini	uánihâš+A+Cmp/Attr+Cmp#kieddisyeini+N+Sg+Nom
uánihiskieddisyeini	uánihiskieddisyeini+N+Sg+Nom

uánihisnjunčuánjá	uánihisnjunčuánjá+N+Sg+Nom

uánihissyeini	uánih+A+Cmp/Attr+Cmp#syeini+N+Sg+Nom
uánihissyeini	uánihâš+A+Cmp/Attr+Cmp#syeini+N+Sg+Nom
uánihissyeini	uánihissyeini+N+Sg+Nom


vahtiđ	vahtiđ+V+Inf
vahtiđ	vahtiđ+V+Imprt+Pl2

vaibâsvuotâ	vaaibâs+A+Der/vuota+N+Sg+Nom
vaibâsvuotâ	vaibâsvuotâ+N+Sg+Nom

valdâttâh	valdâttâh+N+Sg+Nom

valgâmkuákki	valgâđ+V+Der/NomAct+N+Cmp/SgGen+Cmp#kuákki+N+Sg+Nom
valgâmkuákki	valgâđ+V+Der/NomAct+N+Cmp/SgNom+Cmp#kuákki+N+Sg+Nom
valgâmkuákki	valgâm+N+Cmp/SgGen+Cmp#kuákki+N+Sg+Nom
valgâmkuákki	valgâm+N+Cmp/SgNom+Cmp#kuákki+N+Sg+Nom
valgâmkuákki	valgâmkuákki+N+Sg+Nom

valjeihe	valje+N+Cmp/SgGen+Cmp#ihe+N+Sg+Nom
valjeihe	valje+N+Cmp/SgNom+Cmp#ihe+N+Sg+Nom
valjeihe	valjeihe+N+Sg+Nom

varjâgâš	varjâgâš+A+Sg+Nom
varjâgâš	varjâgâš+N+Sg+Nom



veddiđ	veddiđ+V+Inf
veddiđ	veddiđ+V+Imprt+Pl2





virdáá	virdáá+A+Sg+Nom

virgekodde	virge+N+Cmp/SgGen+Cmp#kodde+N+Sg+Nom
virgekodde	virge+N+Cmp/SgNom+Cmp#kodde+N+Sg+Nom
virgekodde	virgekodde+N+Sg+Nom

viälgásadelem	viälgásadelem+N+Sg+Nom

viäruipuásui	viäru+N+Cmp/PlGen+Cmp#puásui+N+Sg+Nom
viäruipuásui	viäruipuásui+N+Sg+Nom



voccii	voccii+A+Sg+Nom



vuonjâl	vuonjâl+N+Sg+Nom



vuávnus	vuávnuđ+V+Imprt+Du3
vuávnus	vuávnuđ+V+Imprt+Pl3
vuávnus	vuávnuđ+V+Imprt+Sg3


vyettiđ	vyettiđ+V+Inf
vyettiđ	vyettiđ+V+Imprt+Pl2

vyevdi	vyevdi+N+Sg+Nom

vyevdipuájui	vyevdi+N+Cmp/SgGen+Cmp#puájui+N+Sg+Nom
vyevdipuájui	vyevdi+N+Cmp/SgNom+Cmp#puájui+N+Sg+Nom
vyevdipuájui	vyevdipuájui+N+Sg+Nom





árguđ	árguđ+V+Imprt+Pl2
árguđ	árguđ+V+Inf


ávuskoskâvuotâ	ávus+A+Cmp/Attr+Cmp#koskâvuotâ+N+Sg+Nom
ávuskoskâvuotâ	ávuskoskâvuotâ+N+Sg+Nom

ášásteijee	ášástiđ+V+PrsPrc
ášásteijee	ášástiđ+V+Der/NomAg+N+Sg+Nom
ášásteijee	ášásteijee+N+NomAg+Sg+Nom



ålandlâš	ålandlâš+A+Sg+Nom
ålandlâš	ålandlâš+A+Attr
ålandlâš	ålandlâš+N+Sg+Nom

čalmešielâ	čalme+N+Cmp/SgGen+Cmp#šielâ+N+Sg+Nom
čalmešielâ	čalme+N+Cmp/SgNom+Cmp#šielâ+N+Sg+Nom
čalmešielâ	čalmešielâ+N+Sg+Nom

čapisjyelgpuváduvvâš	čapisjyelgpuváduvvâš+N+Sg+Nom


čeeppiht	čeeppiht+Adv

čevenävdi	čeve+N+Cmp/SgNom+Cmp#nävdi+N+Sg+Nom
čevenävdi	čevenävdi+N+Sg+Nom

čevđittem	čevđittem+A+Sg+Nom

čiermihât	čiermihât+N+Sg+Nom

čievâr	čievâr+N+Sg+Nom


čivttâkärdi	čivttâkärdi+N+Sg+Nom

čiälgusoivij	čiälgusoivij+Adv


čiäppáht	čiäppáht+Adv


čohčâuuccâm	čohčâ+N+Cmp/SgNom+Cmp#uuccâm+N+Sg+Nom
čohčâuuccâm	čohčâ+N+Cmp/SgNom+Cmp#uuccâđ+V+Der/NomAct+N+Sg+Nom
čohčâuuccâm	čohčâuuccâm+N+Sg+Nom




čuhâpođâšširree	čuhâpođâšširree+N+Sg+Nom


čuogâstâh	čuogâstâh+N+Sg+Nom

čuoigâtteijee	čuoigâđ+V+Der/tt+V+PrsPrc
čuoigâtteijee	čuoigâđ+V+Der/tt+V+Der/NomAg+N+Sg+Nom
čuoigâtteijee	čuoigâtteijee+N+NomAg+Sg+Nom
čuoigâtteijee	čuoigâttiđ+V+PrsPrc
čuoigâtteijee	čuoigâttiđ+V+Der/NomAg+N+Sg+Nom

čuoigâttiđ	čuoigâđ+V+Der/tt+V+Imprt+Pl2
čuoigâttiđ	čuoigâđ+V+Der/tt+V+Inf
čuoigâttiđ	čuoigâttiđ+V+Imprt+Pl2
čuoigâttiđ	čuoigâttiđ+V+Inf

čuolmuđ	čuolmuđ+V+Inf
čuolmuđ	čuolmuđ+V+Imprt+Pl2


čuoškii	čuoškii+A+Sg+Nom



čuuskâš	čuskâ+N+Der/Dimin+N+Sg+Nom
čuuskâš	čuuskâš+N+Sg+Nom


čuálittem	čuáli+v1+N+Der/Car+A+Sg+Nom
čuálittem	čuálittem+A+Sg+Nom

čuámáttâsnuurâs	čuámáttâsnuurâs+N+Sg+Nom


čuárvumloová	čuárvuđ+V+Der/NomAct+N+Cmp/SgNom+Cmp#loová+N+Sg+Nom
čuárvumloová	čuárvum+N+Cmp/SgGen+Cmp#loová+N+Sg+Nom
čuárvumloová	čuárvum+N+Cmp/SgNom+Cmp#loová+N+Sg+Nom
čuárvumloová	čuárvumloová+N+Sg+Nom

čuávjittem	čuávjittem+A+Sg+Nom


čálástâh	čálástâh+N+Sg+Nom

čápudeijeepuájui	čápudiđ+V+Der/NomAg+N+Cmp/SgGen+Cmp#puájui+N+Sg+Nom
čápudeijeepuájui	čápudiđ+V+Der/NomAg+N+Cmp/SgNom+Cmp#puájui+N+Sg+Nom
čápudeijeepuájui	čápudeijeepuájui+N+Sg+Nom

čäcitäsni	čääci+N+Cmp/SgNom+Cmp#täsni+N+Sg+Nom
čäcitäsni	čäcitäsni+N+Sg+Nom

šelgishaamiträäsi	šelgâd+A+Cmp/Attr+Cmp#haamit+N+Cmp/SgGen+Cmp#rääsi+N+Sg+Nom
šelgishaamiträäsi	šelgâd+A+Cmp/Attr+Cmp#haamit+N+Cmp/SgNom+Cmp#rääsi+N+Sg+Nom
šelgishaamiträäsi	šelgishaamiträäsi+N+Sg+Nom

šelgisuáiváásuáhi	šelgâd+A+Cmp/Attr+Cmp#uáiváš+N+Cmp/SgGen+Cmp#suáhi+N+Sg+Nom
šelgisuáiváásuáhi	šelgisuáiváásuáhi+N+Sg+Nom


šišneeh	šišneeh+N+Sg+Nom

šolbiđ	šolbiđ+V+Inf
šolbiđ	šolbiđ+V+Imprt+Pl2

šolkkiđ	šolkkiđ+V+Inf
šolkkiđ	šolkkiđ+V+Imprt+Pl2

šolliđ	šolliđ+V+Inf
šolliđ	šolliđ+V+Imprt+Pl2

šordáá	šordáá+A+Sg+Nom

šovkisčäciherttâ	šovkkâd+A+Cmp/Attr+Cmp#čääci+N+Cmp/SgNom+Cmp#herttâ+N+Sg+Nom
šovkisčäciherttâ	šovkkâd+A+Cmp/Attr+Cmp#čäciherttâ+N+Sg+Nom
šovkisčäciherttâ	šovkisčäciherttâ+N+Sg+Nom

